,name,price,rating,user_ratings_total,driving,bicycling,worth_driving,worth_bicycling,multiple_mentions,description,website,formatted_address,search_keywords,place_id
0,The Original J.R. Cricket’s,2.0,4.0,3118,00:04:00,00:07:00,True,True,False,"Fun fact: J.R. Cricket’s was name-dropped in Donald Glover’s hit TV show “Atlanta” as being the home to wet lemon pepper wings, but they served no such thing! They ended up adding it to their menu after tourists after tourists tried to order them, though we love their classic dry lemon pepper wings best. This chicken wing spot has been serving up Atlanta’s favorite wings since 1982 and they’ve been a go-to for wings ever since.",https://www.atlantaeats.com/restaurants/jr-crickets/,"129 North Avenue NE, Atlanta, GA 30308, United States", The Original J.R. Cricket’s midtown restaurant,ChIJn8LbIm0E9YgREMWxAog8G60
1,Lyla Lila,2.0,4.6,255,00:05:00,00:07:00,True,True,False,"Pasta is a craft Richards has been working at for nearly two decades, which includes stints with Italian chef Lidia Bastianich at her Kansas City and Pittsburgh restaurants, and leading the kitchens at Virginia-Highland trattoria La Tavola and St. Cecilia in Buckhead. Despite it all, Richards seemed to never lose sight of his original vision for Lyla Lila, a casually elegant neighborhood restaurant that Midtown needed. From cold-smoked scallops to duck lasagna to whole wood-grilled fish to the tiramsu, the dishes on the menu definitely make Lyla Lila a destination restaurant.",https://www.lylalilaatl.com/,"693 Peachtree St NE UNIT 118, Atlanta, GA 30308, United States","693 Peachtree St NE UNIT 118, Atlanta, GA 30308 restaurant",ChIJz_3PrTsF9YgR4nwTmdhoXsE
2,Cypress Street Pint & Plate,2.0,4.5,2791,00:05:00,00:07:00,True,True,False,"If you’re looking for a deal, you’ll love their half-off bottle wine Wednesdays, their $3 house beer, and their $3 weekend mimosas! Whether you’re in need of brunch, dinner, drinks, or a late-night meal, Cypress St. is the place to be. The Krispy Kreme burger, the chicken wings, and the fried green tomatoes are all excellent.",https://www.facebook.com/CypressBarATL/,"817 W Peachtree St NW, Atlanta, GA 30308, United States",Cypress Street Pint & Plate midtown restaurant,ChIJweczQWYE9YgRvtwgBTj9cUU
3,Bon Ton,2.0,4.4,1199,00:05:00,00:10:00,True,True,False,"Bon Ton is no doubt as cool as its predecessor, and the Viet-Cajun menu is clever without being too much so: You’ll find ground beef wrapped in betel leaves, seafood boils, oyster and cilantro dirty fried rice, and one of our favorite sandwiches: a Nashville hot oyster roll that’s extra punched up with XO sauce. Co-owner Eric Simpkins, a longtime denizen of Ponce, teamed up with Hieu Pham of Buford Highway’s Crawfish Shack and Darren Carr of the former Top Flr to create the perfect concept to fill Top Flr’s void. This relative newcomer to the Ponce corridor feels like its been part of the street’s eccentric culture forever, and that’s a high compliment.",http://www.bontonatl.com/,"674 Myrtle St NE, Atlanta, GA 30308, United States","674 Myrtle Street, Midtown restaurant",ChIJIa9sJ2wE9YgRG9lUqCTz5_Y
4,Mary Mac’s Tearoom,2.0,4.4,11184,00:05:00,00:09:00,True,True,False,"According to their website, Mary Mac’s first opened its door in the 1940s during the days when women couldn’t easily own restaurants, so many female business owners used the more genteel Southern name “Tearoom” to get around that custom.   Today, Mary Mac’s has been operating for over 70 years and continues to serve up seriously craveworthy Southern cookin’ just like your mama used to make it. Their banana pudding has rave reviews and every meal begins with a bread basket filled to the brim with cornbread, warm cinnamon buns, and more.",https://www.atlantaeats.com/archives/mary-mac/,"224 Ponce De Leon Ave NE, Atlanta, GA 30308, United States",Mary Mac’s Tearoom midtown restaurant,ChIJgUolJWwE9YgRnxg5IduXOsg
5,The Vortex Bar & Grill,2.0,4.5,5941,00:06:00,00:08:00,True,True,False,"If you’re truly the Ultimate Eater, you could win a free meal if you can finish their Quadruple Bypass Burger in 30 minutes! Tempt fate and put your arteries to the test with any of their Bypass Burgers. This spot is iconic for its over-the-top menu!",,"878 Peachtree St NE, Atlanta, GA 30309, United States",The Vortex Bar & Grill midtown restaurant,ChIJQ-icamgE9YgR5x6mB7gMOR0
6,Empire State South,3.0,4.4,837,00:07:00,00:09:00,True,True,False,"It’s been over a decade since celebrity chef Hugh Acheson opened Empire State South and challenged Atlanta’s notion that Southern food is something preciously preserved in the past. A lot has changed since then, but Empire State South remains a destination restaurant in a part of Midtown that has too few of them. The terrace overlooking a bocce court ringed by Adirondacks is a splendid gathering spot for an impromptu al fresco meal or a planned event.",https://www.empirestatesouth.com/,"999 Peachtree St NE Suite #140, Atlanta, GA 30309, United States","999 Peachtree Street, Midtown restaurant",ChIJk1JQhkIE9YgRszI7YFGNgtQ
7,The Optimist,3.0,4.6,2963,00:07:00,00:10:00,True,True,True,"At Ford Fry’s stylishly nautical seafood restaurant, there are many ways to plot a course to an ideal meal, but here’s our favorite: a dozen impeccable oysters; one of four crudos (think salmon with chorizo, strawberry, and fava bean); a hulking tentacle of octopus; and the best lobster roll in the city. If you’re forced to wait for a table, idle away the time on the minigolf lawn outside.",http://theoptimistrestaurant.com/,"914 Howell Mill Rd, Atlanta, GA 30318, United States","914 Howell Mill Road, Westside restaurant",ChIJr9PpEZME9YgRYg1YifCbOw8
8,Antico Pizza,2.0,4.6,4817,00:08:00,00:10:00,True,True,False,"Three 10,000 lb. ovens were custom built from ancient Santa Maria brick and volcanic rock from Mt. Vesuvius…and get so hot that a pizza cooks to perfection in only about 60 seconds. Which is great, because – trust us – the faster you can get your hands on one of Antico’s nine famous pies, the better. Just hearing the word “Antico” seriously makes us drool.",https://www.atlantaeats.com/restaurants/antico-pizza/,"1093 Hemphill Ave NW, Atlanta, GA 30318, United States",Antico Pizza midtown restaurant,ChIJaU_5DHoE9YgRZ6C9Mxbyftk
9,Busy Bee Cafe,2.0,4.1,2637,00:08:00,00:18:00,True,True,False,"In business since the 1940s, this Vine City soul food staple on Atlanta’s Westside serves some of the city’s best fried chicken, alongside an assortment of other Southern meat-and-three staples. The fried chicken here is marinated for 12 hours, hand-breaded, and fried. If that isn’t enticing enough, get the smothered version, which is topped with pan gravy.",http://thebusybeecafe.com/,"810 M.L.K. Jr Dr SW, Atlanta, GA 30314, United States","810 Martin Luther King Jr Dr NW, Atlanta, GA 30314 restaurant",ChIJZTrnLWED9YgRZy1jp7u_1vk
10,South City Kitchen,2.0,4.6,2973,00:08:00,00:11:00,True,True,False,The chicken livers are our favorite–don’t knock ’em till you try them!–and you definitely can’t go wrong with brunch. The South City Kitchen’s original Midtown location is a must-stop whenever you’re in the neighborhood!   This place has been open for 20+ years serving up amazing Southern cuisine.,https://www.atlantaeats.com/restaurants/south-city-kitchen/,"1144 Crescent Ave NE, Atlanta, GA 30309, United States",South City Kitchen midtown restaurant,ChIJvQqtX0ME9YgR-X6ukvNSt6I
11,JCT Kitchen,2.0,4.6,2973,00:08:00,00:11:00,True,True,False,"JCT Kitchen is a great spot from Chef Ford Fry, and there are so, so many great eats here! From their stellar fried chicken to their Angry Mussels, they’ve got something for everyone.   Their patio is perfect for date-night and whatever you do, order the truffle fries!",https://www.facebook.com/jctkitchen,"1144 Crescent Ave NE, Atlanta, GA 30309, United States",JCT Kitchen midtown restaurant,ChIJvQqtX0ME9YgR-X6ukvNSt6I
12,8 Arm,2.0,4.2,503,00:08:00,00:13:00,True,True,False,"These reinventions included a natural wine bar taking over 8ARM’s former coffee shop and chef Maricela Vega transforming the menu into an homage to Meso-American cuisine. In July, the restaurant opens the kitchen to some of its past chefs, including Vega and Duy Huynh, as well as pop-ups such as the Plate Sale, So So Fed, and Ebi Chop Bar. However, 8ARM regulars can still expect strong cocktails from the bar and a deep wine list loaded with by-the-glass and bottle options of mostly natural and small producer wines.",http://www.8armatl.com/,"710 Ponce De Leon Ave NE, Atlanta, GA 30306, United States","710 Ponce De Leon Ave NE, Atlanta, GA 30306 restaurant",ChIJk-N3AxoE9YgR5GzlG_sRsQE
13,Staplehouse,2.0,4.7,539,00:09:00,00:21:00,True,False,True,"Since the onset of the coronavirus pandemic, Staplehouse has gracefully met the moment, closing its dining room and reconfiguring into a market offering charcuterie, pastries, and house-made pantry items to go, plus a judicious selection of prepared dishes (beef cheek hand pie, alkaline noodles with turnips and chili crisp, chicken liver tart) that can either be taken away or consumed on-site, drink in hand, on a beautiful outdoor patio space.",http://www.staplehouse.com/,"541 Edgewood Ave SE, Atlanta, GA 30312, United States","541 Edgewood Avenue, Old Fourth Ward restaurant",ChIJ60IsnfYD9YgRtc0ykonQYd0
14,Miller Union,3.0,4.5,1032,00:09:00,00:12:00,True,True,False,"James Beard award-winning chef Steven Satterfield’s fresh Southern cooking is simple, elegant, and includes a lot of seasonal, locally grown vegetables. The pandemic saw Satterfield and his team of chefs offer takeout from the restaurant for the first time ever to enjoy the Miller Union experience at home. The farm egg baked in celery cream with grilled bread is a must-try Atlanta dish.",http://www.millerunion.com/,"999 Brady Ave NW, Atlanta, GA 30318, United States","999 Brady Ave NW, Atlanta, GA 30318 restaurant",ChIJV1QMS-sE9YgR0bCLgwLEWhY
15,Tiny Lou's,3.0,4.6,345,00:09:00,00:15:00,True,True,False,"In the basement you’ve got the storied strip club the Clermont Lounge; on the roof you’ve got gorgeous skyline views; and in between is Tiny Lou’s, an intimate, dimly lit restaurant whose 2018 opening heralded the return of revolutionary French cooking to the Atlanta culinary scene. The kitchen staff responsible for Tiny Lou’s 1.0 have since moved on, replaced in spring 2021 by executive chef Jon Novak (formerly sous chef of the Napa Valley restaurant Torc) and pastry chef Charmain Ware. Novak’s menu offers bistro favorites—steak frites, French onion soup, swordfish au poivre—and specialties that change with the seasons; Ware’s pastries, like those of predecessor Claudia Martinez, are works of art.",https://www.tinylous.com/,"789 Ponce De Leon Ave NE, Atlanta, GA 30306, United States","789 Ponce de Leon Avenue, Poncey-Highland restaurant",ChIJqbjdJP8F9YgRCSKA0KgCxy0
16,Tuk Tuk,2.0,4.4,1235,00:09:00,00:18:00,True,True,False,"If you’re looking for an authentic taste of Thailand in Midtown, look no further than Tuk Tuk. Last time we visited, if you enrolled in their email list, you could also be eligible for a free entree on your birthday! From pad Thai to chicken satay, everything is so tasty.",https://www.atlantaeats.com/restaurants/tuk-tuk-thai-food-loft/,"1745 Peachtree Rd NW, Atlanta, GA 30309, United States",Tuk Tuk midtown restaurant,ChIJLym-7VQE9YgR6zfXMVnodrI
17,8Arm,2.0,4.5,766,00:09:00,00:15:00,True,True,False,"The menu can be a challenge to navigate, but 8Arm’s raw-fish offerings and nightly specials range from pristine (various cuts of bluefish tuna reveal the depths of flavor the fish has to offer) to sublime (raw sea bream with watermelon radish kimchi). The kitchen offers pitch-perfect renditions of Japanese street foods—dumplings, edamame, the battered octopus balls takoyaki—as well as rotating dishes like buttery, nut-brown miso cod and the savory custard chawanmushi. This hip Ponce restaurant has lived many lives, forced to reinvent itself in 2017 after the sudden death of original chef-partner Angus Brown, and then again in 2021 with the departure of the redoubtable Maricela Vega.",http://www.8armatl.com/,"736 Ponce De Leon Ave NE, Atlanta, GA 30306, United States","710 Ponce de Leon Avenue, Virginia-Highland restaurant",ChIJu3bFIBoE9YgR4Ws7IwOzuHE
18,Busy Bee,1.0,4.4,27,00:09:00,00:19:00,True,True,False,"Atlanta would be a lesser town without Busy Bee, which provided sustenance to Civil Rights leaders, including Martin Luther King Jr. Since 1947, the woman-owned institution has reliably served heaping helpings of soul food: smothered pork chops, oxtails, fried chicken, collards, and cornbread dressing. Old-school politicos and R&B stars alike continue to file into the tight quarters on the outskirts of Atlanta’s HBCU complex, seeking lunch or early dinner (it closes at 7 p.m.). There’s no better serving of history.",https://www.thebusybeecafe.com/,"904 M.L.K. Jr Dr SW, Atlanta, GA 30314, United States","810 Martin Luther King Drive, AUC restaurant",ChIJjbrcRocD9YgRNm5sQBusGIo
19,Glide Pizza,1.5,4.8,208,00:10:00,00:21:00,True,False,False,"After nearly two years at Irwin Street Market in the Old Fourth Ward, Rob Birdsong relocated his popular pizza-making operation and takeout window, Glide Pizza, to Studioplex across the street. But the takeout window is still very much a part of Glide’s DNA, and continues to be so on Auburn Avenue, where lines never stop forming for giant pizza slices and 20-inch Brooklyn-style pies. A second location is now open in Decatur inside brewery Inner Voice Brewing, with a third location opening later in 2022 at the Westside Paper complex on West Marietta.",,"659 Auburn Ave NE Unit 506, Atlanta, GA 30312, United States","659 Auburn Ave NE Unit 506, Atlanta, GA 30312 restaurant",ChIJy9zcpuAF9YgRxjdj1Zz5vvo
20,Mi Barrio Mexican Restaurant,1.0,4.4,513,00:10:00,00:24:00,True,False,False,"Despite new developments going up along Memorial Drive every year now, this family-owned and operated taqueria continues to hang on, serving a loyal following of regulars who head in for the friendly service as much as they do the comforting food on the menu. Expect homestyle Mexican dishes, like chile relleno, generous taco plates, and chimichangas stuffed with meat, rice, and beans, paired with cold beer, strong margaritas, and refreshing horchatas. Mi Barrio is a tried and true roadside taqueria with a totally low-key vibe, inside and out.",,"571 Memorial Dr SE, Atlanta, GA 30312, United States","571 Memorial Dr SE, Atlanta, GA 30312 restaurant",ChIJCboY4PED9YgRar-s5jv0I3s
21,Gunshow,3.0,4.7,120,00:10:00,00:30:00,True,False,False,"The dining room is short on luxury—stark spotlights, metal tables, loud rock music—but high on intrigue. You might find Hawaiian paté en croute with pineapple, jalapeño, and Parmesan aioli, or confit sunchoke with peanuts, garlic, coffee, and seaweed. Seven to eight chefs cook and then deliver plates directly to diners, who can choose to accept or reject them.",https://gunshowatl.com/,"924 Garrett St suite D, Atlanta, GA 30316, United States","924 Garrett Street, Omewood Park restaurant",ChIJs_OPYlwD9YgR-C4HjfeAlZ0
22,The Establishment,3.0,4.3,708,00:10:00,00:12:00,True,True,False,"This Midtown spot in Colony Square is truly excellent for after-work cocktails, but they’ve got some new amazing food now too! Chef Christy Stone has created a rotating menu of thoughtfully crafted entrees and appetizers that will make you visit again and again. The pork belly with jalapeño jam and fried okra is one of our favorites!",https://www.atlantaeats.com/restaurants/establishment-2/,"1197 Peachtree St NE Suite 517, Atlanta, GA 30305, United States",The Establishment midtown restaurant,ChIJc6kxYUQE9YgRWcFgT9GVusE
23,Redbird,2.0,4.3,59,00:10:00,00:15:00,True,True,False,"Order family style and pair the meal with food-friendly wines, a cleverly named cocktail, or local beer while sitting in the airy, light-filled dining room or on the covered patio taking in the action at buzzy Westside Provisions District. Redbird, the restaurant from chef Zeb Stevenson, churns out wildly creative seasonal dishes, with vegetables and fish always playing starring roles on the menu. Redbird serves weekend brunch, too, with its biscuit sandwich and burger pop-up Birdy Biscuits from the restaurant’s to-go window on the patio.",http://www.redbirdatl.com/,"1198 Howell Mill Rd NW, Atlanta, GA 30318, United States","1198 Howell Mill Rd, Atlanta, GA 30318 restaurant",ChIJg5tcf5UF9YgRgvc4Uq0OnQw
24,Little Bear,2.0,4.8,189,00:10:00,00:27:00,True,False,True,"The engagingly written menu changes with the seasons, with temporary treasures (one night recently: Georgia shrimp with fig sweet-and-sour sauce and shishito peppers; eggplant with peaches, whey sauce, chili paste, and “herbs out the ass”) joining a few repeat faves, like chicken thighs with dan dan yogurt and Manischewitz vinegar and a striking black and white torte. But Stieber, pivoting to a takeout-only model, endured through the pandemic, finally welcoming diners this past May to sit down in Little Bear’s bright, modern dining room and enjoy his weird, iconoclastic, Jewish-ish/Sichuan-ish cooking. After making his name with the pop-up series Eat Me Speak Me, Stieber finally made the move to brick-and-mortar with Little Bear, which opened in Summerhill in February 2020.",https://littlebearatl.com/,"71 Georgia Ave SE Unit A, Atlanta, GA 30312, United States","71 Georgia Avenue, Summerhill restaurant",ChIJnz5JKsYD9YgRYVyGgN7um_o
25,Ticonderoga Club,3.0,4.6,8245,00:10:00,00:21:00,True,False,True,"In this endearingly dark little room in the corner of Krog Street Market, Greg Best and Paul Calvert—two of the city’s most ingenious bartenders—mix and stir and shake and dazzle; their concise cocktail list is reason enough to endure the weekend wait. But even those drinks can’t upstage executive chef David Bies’s nostalgia-inducing menu—including the city’s best clam roll, best steak tartare, and best Cobb salad.",https://www.ticonderogaclub.com/,"99 Krog St NE, Atlanta, GA 30307, United States","99 Krog Street, Inman Park restaurant",ChIJ_RkHPPgD9YgR-6pzvoBtxpM
26,Wonderkid,2.0,4.6,146,00:11:00,00:28:00,True,False,False,"Like the restaurant’s designers, opening chef Justin Dixon—who has recently moved on to other pastures—was refreshingly unfaithful to the diner concept: His often brilliant interpretations cover not just the classics (English breakfast, meatloaf melt with pimento cheese and bacon jam) but also wonderful mushroom empanadas and chicken wings prepared “Buford Highway style,” with chili oil, peanuts, and lime. It might look something like this spot in the Atlanta Dairies complex, which eschews retro kitsch in favor of a riotous aesthetic mashup: This is a diner with groovy wallpaper, ’70s lighting, and pictures of Prince on the wall, plus a bartender behind a curved counter slinging potent cocktails. It sprang from a partnership between Big Citizen (the group behind Bon Ton and the Lawrence) and King of Pops, whose soft-serve is available here on its own or blended into boozy drinks.",https://www.wonderkidatl.com/,"777 Memorial Dr SE, Atlanta, GA 30316, United States","777 Memorial Drive, Reynoldstown restaurant",ChIJAbsU35gD9YgRHGXDLoSHw0M
27,Bread & Butterfly,2.0,4.4,796,00:11:00,00:19:00,True,True,False,"Pop in for a croissant and a cafe au lait before work, treat yourself to a fine lunch of shrimp remoulade or trout salad, or linger over a dinner of garlic sausage over lentils or truffled penne au gratin with Gruyère and Parmesan. If you miss Billy Allin’s now-shuttered Cakes & Ale (and who doesn’t?), know that you can now find the master of simplicity himself behind the stove at his ever-so-French, all-day cafe. The tiny bar and the various dining areas smack of Paris at its most romantic.",http://www.bread-and-butterfly.com/,"290 Elizabeth St NE F, Atlanta, GA 30307, United States","290 Elizabeth Street, Inman Park restaurant",ChIJHwhNYAEE9YgRCs-R7L-_uWI
28,Banshee,2.0,4.7,353,00:11:00,00:35:00,True,False,False,"You’ll be further captivated by the moody vibe of the small dining room, swathed in peacock-blue wallpaper and subway tile and velvet drapes, and by cocktails such as the Stately Hag: a tart and herbaceous mix of reposado tequila, Cocchi Americano, Strega, lemon, and thyme. Who before Wynn has served warm Native American fry bread with pepperoni butter and scallions as a form of exalted bread service? The neighborhood’s most sophisticated restaurant is a tiny, highly original operation that transcends genre and remains in tune with its offbeat surroundings.",https://www.banshee-atl.com/,"1271 Glenwood Ave SE, Atlanta, GA 30316, United States","1271 Glenwood Avenue, East Atlanta Village restaurant",ChIJeTP7sxsB9YgRxlN9qnOSUgE
29,BoccaLupo,2.0,4.6,799,00:11:00,00:23:00,True,False,False,"Opened in 2013, Italian-American restaurant BoccaLupo has become both a neighborhood favorite in Inman Park for local residents and one of Atlanta’s must destination restaurants. Order any of the fresh pasta dishes on the menu — the black spaghetti and the 20-yolk tagliatelle are now Atlanta classics. Make sure to check out the tight wine list and cocktails here, too.",http://boccalupoatl.com/,"753 Edgewood Ave NE, Atlanta, GA 30307, United States","753 Edgewood Ave NE, Atlanta, GA 30307 restaurant",ChIJv3AGUvgD9YgRoeQkBXeuLHM
30,Supremo Taco,1.0,4.5,337,00:11:00,00:25:00,True,False,False,"It eventually landed a spot on Memorial Drive, though the counter-service, takeout-only model means it retains some streetside vibes—and helped it weather the pandemic, when Supremo was more impervious than most to lockdowns and mandates, and when its legions of fans found great comfort enfolded in its astonishing handmade tortillas. Supremo sold out often during the pandemic and still does: particularly, crowd-pleasers like lamb barbacoa with chili de arbol, chicken mole poblano, black bean with squash and tomato, aguachile tostadas, fried quesadillas . . . Supremo built its rep as a taco truck doing late-night test runs at 8Arm, which is co-owned by Supremo partner Nhan Le.",https://supremotaco.com/,"701 B Memorial Dr SE, Atlanta, GA 30316, United States","701 Memorial Drive, Grant Park restaurant",ChIJPzhpC5ID9YgRYJcx7Pb1vas
31,Twisted Soul Cookhouse & Pours,3.0,4.5,851,00:11:00,00:18:00,True,True,True,"She also artfully builds on culinary traditions of black Southerners—think hoisin oxtails with shallot-ginger roasted bok choy and cornflake-crusted black grouper. She’s quick to share her unfiltered opinion on the state of soul food, black restaurateurship, and any other social issue you care to discuss. Everything about Chef Deborah VanTrece, whose personality is the clear inspiration behind her restaurant’s name, is original.",https://www.twistedsoulcookhouseandpours.com/,"1133 Huff Rd NW c, Atlanta, GA 30318, United States","1133 Huff Road, Westside restaurant",ChIJAfuXyMUE9YgRBM9FUaVQyuw
32,El Tesoro,1.0,4.7,954,00:11:00,00:31:00,True,False,False,"“El Tesoro” means “the treasure,” and the restaurant’s owners have found one in Cristina Lugo Soto, a home cook who hails from the Mexican coastal state of Guerrero and runs the kitchen with her daughter, Mayra. The tacos come as tacos are supposed to, with supremely flavorful meat that requires no embellishment aside from micro-diced onion, a light shower of chopped cilantro, a squeeze of lime, and, if you must, a streak of one of three homemade salsas. Soto offers three tamale flavors—pork with green salsa, chicken with chipotle salsa, and rajas with mushroom and squash—and if there’s a more craveable masa in existence, we’ve yet to find it.",https://www.eltesoroatl.com/,"1374 Arkwright Pl SE, Atlanta, GA 30317, United States","1374 Arkwright Place, Edgewood restaurant",ChIJs-lyPk4B9YgRzmKz4HCfLo0
33,Boccalupo,2.0,4.6,799,00:11:00,00:23:00,True,False,False,"Instead of confining himself to narrow traditions, he creates cult favorites: black spaghetti with red shrimp, hot Calabrian sausage, and scallions; 20-yolk tagliatelle with mushrooms and kale kimchi; and pan-fried white lasagna with creme fraiche and jalapeño pesto. BoccaLupo’s appetizers are creative and smart (think octopus and mortadella spiedino or wild calamari in brodetto), its scene intimate yet lively (tucked away in a calm corner of an otherwise oversaturated Inman Park), and its beverage program as accomplished as everything Logue sets his mind to. Head for the covered patio or the minuscule bar, both among the best spots in the city for conversation.",http://boccalupoatl.com/,"753 Edgewood Ave NE, Atlanta, GA 30307, United States","753 Edgewood Avenue, Inman Park restaurant",ChIJv3AGUvgD9YgRoeQkBXeuLHM
34,Sotto Sotto,2.0,4.5,854,00:11:00,00:20:00,True,True,False,"Classic pasta options—such as tortelli di Michelangelo Buonarroti, a 16th century recipe of veal, chicken, and pork ravioli in a butter-sage sauce—are the kind of thing you want to eat forever. In this age of ever-adapting seasonal menus, Sotto Sotto’s mostly unchanged lineup still holds our rapt attention. There’s a reason Riccardo Ullio’s Inman Park stalwart has been around for more than two decades: It’s our most consistent and satisfying Italian spot.",http://www.sottosottoatl.com/,"313 North Highland Avenue Northeast, Atlanta, GA 30307, United States","313 North Highland Avenue, Inman Park restaurant",ChIJ89yA2QME9YgRQdAZ8Amjz5U
35,Argosy,2.0,4.5,1956,00:11:00,00:36:00,True,False,True,"It pulls off this juggling act in a large, easygoing nerd paradise where custom-built wooden sea creatures hang from the ceiling and analog parlor games are played in the back. The menu at this East Atlanta Village gastropub offers everything from Shaolin Wings (with Tokyo mayo and purple daikon) to charred octopus (with fingerlings, fennel, and fried capers). The pizza might not be the most name-dropped in town, but the wood-fired crust and Spotted Trotter–sourced toppings make it one of Atlanta’s best.",http://argosy-east.com/,"470 Flat Shoals Ave SE, Atlanta, GA 30316, United States","470 Flat Shoals Avenue, East Atlanta Village restaurant",ChIJFZ4OdVsB9YgRSBdT8Ml1a8U
36,Octopus Bar,2.0,4.4,666,00:12:00,00:35:00,True,False,False,"The 2011 brainchild of Nhan Le and the late Angus Brown, Octopus Bar is still the coolest restaurant in Atlanta, and chef Alexander Young’s dishes are as punk as they are pretty: dry-fried eggplant, served skin-on, is seasoned with black garlic oil, and icicle radishes delicately intermingle with tendrils of radish pods atop a sheet of creamy chevre. Even before Octopus Bar opens at 10:30 p.m., the night owls will have swooped in to claim their perch. There is no better meal to be had in the middle of the night—and few that are better at any time of day.",http://octopusbaratl.com/,"560 Gresham Ave SE, Atlanta, GA 30316, United States","560 Gresham Avenue, East Atlanta Village restaurant",ChIJk1y8hFwB9YgRIEWusrtOmBc
37,La Tavola,2.0,4.6,683,00:12:00,00:21:00,True,False,False,"Whether you’re in the mood for straightforward spaghetti and veal meatballs, deeply murky and oceanic zuppa di pesce, or just the housemade buttermilk ricotta and a glass of Sicilian red at the bar, you’ll be right at home. For nearly two decades, La Tavola has quietly enchanted Virginia-Highlanders—who are perfectly happy keeping this underappreciated beauty all to themselves. If only every neighborhood could be home to a high-quality Italian spot that harbors such a creative streak.",http://latavolatrattoria.com/,"992 Virginia Ave NE, Atlanta, GA 30306, United States","992 Virginia Avenue, Virginia-Highland restaurant",ChIJiSBpjyAE9YgRhD5_PW5jodY
38,Talat Market,2.0,4.8,209,00:12:00,00:28:00,True,False,True,"In practice, that means dishes like yum phonlamai, a salad built around whatever fruit is in season (peach, melon, blueberries) dressed with a savory, funky mix of lemongrass, mint, cilantro, scallop floss, and fish sauce; yum khao tod, a crispy rice salad with housemade red chili jam; the meat salad laab, featuring ingredients as disparate as duck heart and sunchokes; crispy mussel pancakes; and much, much more. Decorated with a lavish mural, lush green walls, and ceiling-hung flower pots, Talat Market stays on its toes and keeps diners on theirs with a daily-changing menu based on a winning concept: Thai technique, Georgia ingredients. When Parnass Savang and Rod Lassiter finally opened this brick-and-mortar space in the inauspicious month of April 2020, they were doing curbside service only, finding themselves selling out every night.",https://talatmarketatl.com/,"112 Ormond St SE, Atlanta, GA 30315, United States","112 Ormond Street, Summerhill restaurant",ChIJq6qa17cG9YgRsLwhOwhVShM
39,Bacchanalia,4.0,4.7,721,00:12:00,00:20:00,True,True,True,"Even before the brigade of Atlanta’s high-end restaurants (and high-end everything) began its trek toward less-exclusive zip codes, Bacchanalia entered its second chapter, boldly moving in 1999 to a repurposed warehouse in a then sleepy part of town: the Westside. And though Bacchanalia’s elegantly simple food—crafted with impeccably sourced ingredients (many of them from Quatrano’s own farm)—hasn’t changed much in 26 years, it’s no less influential. Chef Anne Quatrano and her husband, Cliff Harrison, haven’t merely stayed ahead of the curve—they’ve drawn the curve.",http://www.starprovisions.com/bacchanalia,"1460 Ellsworth Industrial Blvd NW Suite 1, Atlanta, GA 30318, United States","1460 Ellsworth Industrial Boulevard, Westside restaurant",ChIJX7jCB-wE9YgRNyeBypQUGaE
40,Taqueria del Sol,1.0,4.4,790,00:13:00,00:37:00,True,False,False,"Two decades and six locations later, customers still line up for Hernandez’s Southern-Mexican mashup cuisine: fried-chicken tacos with lime-jalapeño mayonnaise, refried-bean enchiladas with a side of turnip greens, and shrimp corn chowder. Eddie Hernandez and Mike Klank opened the first Taqueria del Sol on the Westside in 2000, cranking out crowd-pleasing $2 tacos. Pick up his cookbook, Turnip Greens & Tortillas, which was one of our favorites of 2018.",http://taqueriadelsol.com/,"2165 Cheshire Bridge Rd NE, Atlanta, GA 30324, United States","2165 Cheshire Bridge Road, Cheshire Bridge restaurant",ChIJyS9B8HcG9YgRYVRRCdFIp1Y
41,Feedel Bistro,1.5,4.7,234,00:13:00,00:53:00,True,False,False,"Order options like the lamb and collard stew gomen be’siga or the red pepper stew doro wet, the ye’shimbra asa chickpea biscuits, and the marinated short ribs goden tibs or vegan mushroom tibs. This congenial restaurant on Briarcliff, owned by siblings Tamar Telahun and Simon Gebru, serves traditional Ethiopian and Eritrean fare with injera flatbread used to scoop up the vegetable- and spicy meat-laden dishes. A bright and cheery restaurant, Feedel Bistro is a great spot for solo dining, couples seeking a quiet night out, or a small group of friends gathering for a meal.",http://feedelbistro.com/,"3125 Briarcliff Rd NE, Atlanta, GA 30329, United States","3125 Briarcliff Rd NE, Atlanta, GA 30329 restaurant",ChIJv2rZE5sH9YgR-eidk1kEjMY
42,Fox Bros. Bar-B-Q,1.0,4.6,7852,00:13:00,00:28:00,True,False,False,"The brothers’ brisket is legendary, but just as epic are their over-the-top barbecue offerings: the camp classic Frito Pie served in the actual bag, hickory-smoked jumbo wings dressed in homemade sauce, and a nine-inch, smoked beef rib that looks like something a caveman might devour. The Foxes have built upon their success with a line of barbecue and wing sauce sold at Whole Foods and other stores, a partnership with the Atlanta Falcons, and a “Que-osk” location near SweetWater Brewing. In 2007, twin brothers Jonathan and Justin Fox opened their DeKalb Avenue restaurant.",http://www.foxbrosbbq.com/,"1238 DeKalb Ave NE, Atlanta, GA 30307, United States","1238 DeKalb Avenue, Candler Park restaurant",ChIJPaAgP6wG9YgRGRcSsxETyjE
43,Tassili’s Raw Reality,1.0,4.6,2869,00:13:00,00:26:00,True,False,False,"There are 40 ounces of kale packed into the Mandingo wrap at Tassili’s Raw Reality, which has occupied the colorful ground floor of a two-story duplex in West End since 2011. Lest you scoff at its $25 price tag, take note that this wrap could easily feed you for three days—and that it’s so magical you’ll actually want to spend three days eating it. Just patiently wait your turn in the slow-moving line to the counter, and fixate on the beatific diners scarfing down various wraps ($9 to $14 for the normal-sized ones).",https://www.tassilisrawreality.com/,"1059 Ralph David Abernathy Blvd, Atlanta, GA 30310, United States","1059 Ralph D. Abernathy Boulevard, West End restaurant",ChIJ48LtUkcD9YgRci6Eidk_8r0
44,Che Butter Jonez,2.0,3.8,202,00:13:00,00:48:00,True,False,False,"Occupy the Hood activist Malik Rhasaan and Detric Fox-Quinlan opened a permanent location of their popular food truck, Che Butter Jonez, as a restaurant in 2021. The menu here changes daily to keep things fresh, but has included bodega-style breakfast dishes, tacos on Tuesday, lumpia and garlic noodles topped with steak, and a delicious soft-shell crab sandwich during the spring. Located next door to a Chevron station on Cleveland Avenue, the restaurant continues to serve one of the food truck’s most popular menu items: the That Sh!T Slambing burger.",http://www.chebutterjonez.com/,"757 Cleveland Ave SW, Atlanta, GA 30315, United States","757 Cleveland Ave SW Suite E, Atlanta, GA 30315 restaurant",ChIJFc19FPsD9YgRMMgVFMYftrg
45,Lazy Betty,4.0,4.7,349,00:14:00,00:30:00,True,False,True,"Hsu’s Steak & Eggs is a nod to his family’s frequent visits to Waffle House, but in his version, a dry-aged New York strip is accompanied by a sous-vide egg wrapped in a wasabi leaf. In the magnificently transformed Candler Park space that formerly housed Radial Cafe, choose from two tasting menus—six courses for $130 or eight for $170 (gratuity included). And though he’s opened the most ambitious new restaurant Atlanta has seen in several years, that doesn’t mean his rarefied food is short on fun.",https://www.lazybettyatl.com/,"1530 DeKalb Ave NE ste f, Atlanta, GA 30307, United States","1530 DeKalb Avenue, Candler Park restaurant",ChIJ00zCHiAH9YgR3l-kmURAKrM
46,Aria,4.0,4.6,674,00:14:00,00:36:00,True,False,True,"Plates are adorned with drops and loops and smears of sauces, and even if that’s not typically your thing, you’ll still be wowed by Aria’s artistry—particularly when the plate holds caramelized scallops with perfect piles of sunchoke, Brussels, and rutabaga. Perhaps you’ve had your fill of beet salads, but you haven’t had a beet salad until you’ve had this one; with gold and ruby-red wedges mingling with candied walnuts atop thick, lemony yogurt, the dish is exceptional in its simplicity. Whether the date night in question is prom, an anniversary, an engagement, or some less monumental event, Aria is up to the occasion.",https://www.aria-atl.com/,"490 East Paces Ferry Rd NE, Atlanta, GA 30305, United States","490 East Paces Ferry Road, Buckhead restaurant",ChIJ2UR5rfMF9YgR1k2zHnrt8qo
47,Bones,4.0,4.6,2084,00:14:00,00:38:00,True,False,False,"Even lunch at the bar is a treat, a prime perch for sipping a martini, chowing down on one of the city’s best burgers, and indulging in a mile-high ice cream pie. Start with lump-crab cocktail or lobster bisque or a wedge salad, and pair your steak or chop with a loaded baked potato and grilled asparagus. If corporate bigwigs want to blow $6,000 on wine, they do it at this landmark, wood- paneled steakhouse.",https://bonesrestaurant.com/,"3130 Piedmont Rd NE, Atlanta, GA 30305, United States","3130 Piedmont Road, Buckhead restaurant",ChIJ9SBPF_QF9YgRxq9n9FgRVmA
48,Tomo,4.0,4.5,256,00:14:00,00:44:00,True,False,False,"Your best option is to snag one of five nightly spots for Naito’s omakase (tasting menu), which starts at $100 and could include fluke with ponzu gelee and a lamb chop dusted in citrusy, almost minty sansho powder. If you want to fully experience Tomo, skip the sprawling menu; the shrimp tempura roll and teriyaki-glazed chicken breast will only distract you from the immensity of chef Tomohiro Naito’s gift for Japanese cuisine. Your faux-makase could include slivers of superfresh sashimi shimmering in a shallow pool of yuzu ponzu and extra-virgin olive oil and a simple slice of miso-marinated, broiled black cod.",http://www.tomorestaurant.com/,"3630 Peachtree Rd NE, Atlanta, GA 30326, United States","3630 Peachtree Road, Buckhead restaurant",ChIJPdtczlMP9YgRlBLD-voTjYw
49,Desta Ethiopian Kitchen,1.0,4.7,4173,00:14:00,00:54:00,True,False,False,"Despite the competition, it’s still the best place in town to scoop up kitfo (raw, minced beef seasoned with chili powder and spiced butter) and miser (red lentils stewed with cayenne, onion, garlic, and ginger) using soft, spongy, fermented injera bread. The menu, which allows you to make decisions based on how daring you are, demystifies Ethiopian cuisine, and the tree that rises up from the middle of the covered patio and through its roof makes you forget you’re in the middle of an asphalt sea. Desta is one of three Ethiopian restaurants at the corner of Briarcliff and Clairmont roads—including the stylish and formidable newcomer Feedel Bistro.",https://destaethiopiankitchen.com/,"3086 Briarcliff Rd NE, Atlanta, GA 30329, United States","3086 Briarcliff Road, North Druid Hills restaurant",ChIJBfnCTtMH9YgRl4XWOkEDgbM
50,Poor Hendrix,2.0,4.4,850,00:15:00,00:45:00,True,False,False,"Russell composes marvelous salads (think local lettuces, Manchego, peanuts, and pickled green beans) and elevates peanut butter mousse with olive oil, salt, and peanut meringue—but he isn’t above serving wings and Rice Krispies treats. Once you’re inside, you’ll find a long, narrow bar that feels like a clubhouse for young, stylish neighbors hip to chef Aaron Russell, whose career includes influential stints at fine-dining bastions Seeger’s (RIP) and Restaurant Eugene. Blink and you might miss this small storefront on a mostly residential stretch in East Lake.",http://www.poorhendrix.com/,"2371 Hosea L Williams Dr NE, Atlanta, GA 30317, United States","2371 Hosea L. Williams Drive, East Lake restaurant",ChIJU0D3StQA9YgRRiA4FuwFlpM
51,La Grotta Ristorante Italiano,3.0,4.7,649,00:15:00,00:28:00,True,False,False,"La Grotta opened in 1978, and it’s a welcome throwback to another time—when white tablecloths still graced tables and truffles were shaved onto your plate tableside. In the basement of an unassuming south Buckhead apartment building sits one of Atlanta’s oldest restaurants. The regal servers deliver bygone glamour, along with a wide range of pasta and veal options.",https://lagrottaatlanta.com/,"2637 Peachtree Rd NE, Atlanta, GA 30305, United States","2637 Peachtree Road, Buckhead restaurant",ChIJ-aIMPpgF9YgRT3Rv61FOgCs
52,Kyma,3.0,4.4,860,00:15:00,00:38:00,True,False,False,"You can make a feast out of chef Pano Karatassos’s nearly two-dozen shareable meze plates—in particular, wood-grilled octopus with olives and capers, white beans stewed with tomatoes, and lamb pie. The ocean-blue and gleaming-white temple known as Kyma, which means “wave” in Greek, is Buckhead Life Restaurant Group’s brightest star. If you want to splurge, choose one of the $40-per-pound whole fish that are so beautifully arranged in the restaurant’s display case they appear to be swimming through a sea of crushed ice.",https://buckheadrestaurants.com/restaurant/kyma/,"3085 Piedmont Rd NE, Atlanta, GA 30305, United States","3085 Piedmont Road, Buckhead restaurant",ChIJkW7jafEF9YgRbuurmhrQC00
53,Lake and Oak Neighborhood BBQ,1.0,4.5,320,00:15:00,00:45:00,True,False,False,"Fans flock here (SORRY) for the chicken, brined for a day to enhance its tenderness and slathered in a collard pesto; for the coffee- and pepper-rubbed brisket; for the rib slabs and the cider-vinegar pulled pork; and for creative sides like collard green fried rice. Opening in July 2020, Richards and partner Joshua Lee took the pandemic in stride, inviting diners to hit up the takeout window and keep their social distance on a convivial streetside patio. That happy al fresco scene (and the smells wafting from the Big Green Egg smoker out front) beckons passersby into an instant top-tier player in a city that doesn’t lack for barbecue joints.",https://www.lakeandoakbbq.com/,"2358 Hosea L Williams Dr NE, Atlanta, GA 30317, United States","2358 Hosea L. Williams Drive, East Lake restaurant",ChIJaULAiq0B9YgRc9gQYUbqAyw
54,Lucian Books and Wine,3.0,4.0,93,00:16:00,00:33:00,True,False,True,"Or maybe it just felt like a sigh of relief: What sweeter pleasure than to share a plate and a bottle with an old friend—or a new fancy—in this chic but inviting dining room on a busy Buckhead corner? Dishes change seasonally, but expect fare like buttery raw hamachi and thinly sliced black radish, doused tableside with a vinegar-spiked buttermilk dressing, and ricotta gnudi with truffle and maitake mushroom and a luscious beurre monté. The cellar may be spacious, but the larder ain’t: Chef Brian Hendrickson’s tightly focused, finely executed menu features a handful of small plates, a few entrees, and a bowl of french fries worth ordering for the lemony sorrel mayo alone.",https://www.lucianbooksandwine.com/,"3005 Peachtree Rd NE, Atlanta, GA 30305, United States","3005 Peachtree Road, Buckhead restaurant",ChIJ42fHj-UF9YgR3AjIhRfFACI
55,Le Fat,2.0,4.3,468,00:16:00,00:30:00,True,False,False,"Inside Guy Wong’s modern Vietnamese joint, the clamorous space is as chic as the rest of its Westside brethren, from the hand-painted chinoiserie wallpaper and curved wood bar to the herringbone floors and gallery wall of vintage prints. Feast on bao stuffed with soft-shell crab, bacon, and sambal mayo, chicken clay pot with crispy rice, and salty-crunchy lemongrass shrimp. And if you don’t order the pho with brisket, flank steak, and beef ball, at least go for the side of pho broth.",http://lefatatl.com/,"Westside Village, 2260 Marietta Blvd NW Suite 107, Atlanta, GA 30318, United States","935 Marietta Street, Westside restaurant",ChIJQQdL-8Qa9YgRymI59oO5oVA
56,Heirloom Market BBQ,1.0,4.7,2119,00:16:00,01:19:00,True,False,True,"Heirloom is a love story—between its co-owners, wife and husband Jiyeon Lee and Cody Taylor, and between the homestyle Korean cooking of her childhood and the homestyle Texan cooking of his. As with all great love stories, the passion between miso paste and collard greens or kimchi and coleslaw was almost accidental at first, but these pairings were clearly meant to be. Our only gripe is that the mostly takeout operation offers just a few standing tables; this food is too good to rush through while on your feet and too tempting to drive all the way home with.",https://heirloommarketbbq.com/,"2243 Akers Mill Rd SE, Atlanta, GA 30339, United States","2243 Akers Mill Road, Cumberland restaurant",ChIJPSzsMdIR9YgRE4Se_4-OaTw
57,Canoe,3.0,4.7,3542,00:16:00,00:56:00,True,False,False,"And a special of roasted monkfish with broccoli rabe and fingerlings in a caper vinaigrette is the type of thing we’d like to eat every day—for the next 30 years. If you haven’t been to the nearly 30-year-old restaurant in a while, you won’t have forgotten that view—but you might not recall how equally ravishing the food is. The earthiness from hearty hunks of Purple Haze carrots is heightened with crunchy hazelnuts and a smear of Moroccan-spiced coconut.",https://www.canoeatl.com/,"4199 Paces Ferry Rd SE, Atlanta, GA 30339, United States","4199 Paces Ferry Road, Vinings restaurant",ChIJJbthuA0Q9YgRLIGtr6ZLaOU
58,Minas Grill & Emporium,1.5,4.7,108,00:17:00,01:40:00,True,False,False,"Head in for a traditional Brazilian buffet as well as churrasco cut to order, and other fried street foods, including pastéis stuffed with ground meat or cheese, pão de queijo (Brazilian cheese puffs), and coxinhas (croquettes shaped like tear drops). Located on Delk Road, Mina’s Grill and Emporium is a cornerstone restaurant and market for Atlanta’s Brazilian community. It’s not unusual to find people camped out at tables dining while watching soccer at Mina’s, especially when Brazil is playing.",http://www.minas-grill.com/,"2555 Delk Rd A-8, Marietta, GA 30067, United States","2555 Delk Rd, Marietta, GA 30067 restaurant",ChIJ2euIIO0R9YgRAmotGnX7O8I
59,Taqueria Don Sige,1.0,4.5,847,00:18:00,00:51:00,True,False,False,"But ignore any misinformed impulses because you’re here for traditional tacos (chopped onion, cilantro, lime, and radish), irresistibly priced at $1.50 each (pollo is great, but chorizo, camarones, and lengua are phenomenal). Located behind a gas station, in a tiny strip mall on the border of College Park and East Point, Don Sige isn’t known for its decor. The spicy salsa verde isn’t complex and doesn’t need to be, and the expertly wrapped burrito and liberally sauced steak fajita are as flavorful as they are unfancy.",,"1720 Vesta Ave, College Park, GA 30337, United States","1720 Vesta Avenue, College Park restaurant",ChIJ-ToHJani9IgRpGzJ0bjr--U
60,Virgil's Gullah Kitchen & Bar,2.0,4.2,1228,00:18:00,00:56:00,True,False,False,"Order the she-crab soup or Gullah egg rolls stuffed with red rice, cabbage, and shrimp; the crab rice mixed with sautéed bacon, onions, and peppers; a side of greens; and the brownie-based Chucktown Chewie sundae for dessert. The Gullah and Lowcountry dishes at Virgil’s, owned by Gee and Juan Smalls, are not to be missed. A second location is now open along the Marietta Street Artery near Georgia Tech.",https://www.virgilsgullahkitchen.com/,"3721 Main St, College Park, GA 30337, United States","3721 Main St, College Park, GA 30337 restaurant",ChIJc67AfPjj9IgRP0YGLjlbVhE
61,Floataway Cafe,2.0,4.3,202,00:18:00,00:34:00,True,False,False,"Star chef-restaurateur Anne Quatrano’s airy little Mediterranean oasis, which for more than two decades has resided in an industrial complex near Emory, is so chic it could’ve opened yesterday. Under executive chef Travis Hawthorne, some dishes conjure Greece: fire-kissed tentacles of octopus curled around chickpeas and briny Castelvetrano olives. Mention Floataway Cafe to any in-the-know Atlantan and you’ll be met with lustful moans.",http://www.starprovisions.com/floataway-cafe,"1123 Zonolite Rd NE #15, Atlanta, GA 30306, United States","1123 Zonolite Road, North Druid Hills restaurant",ChIJ9_DsYmMG9YgRWI8-xIxWxm4
62,The General Muir,2.0,4.6,11,00:19:00,00:42:00,True,False,False,"In seven years, the General Muir has become indispensable for its upscale Jewish deli–inspired menu: If you have a hankering for piled-high pastrami on rye or chopped liver with pletzel bread, there is no better place. Now, you can find a sublime bowl in a glamorous space that evokes vintage Manhattan. There was once a time when you couldn’t get a good matzo ball soup in town.",http://www.thegeneralmuir.com/,"1540 Avenue Pl, Atlanta, GA 30329, United States","1540 Avenue Place, Emory restaurant",ChIJw35PpT8H9YgRuZz5iYCvrGc
63,WARUNG Indonesian Halal Restaurant,2.0,4.8,267,00:19:00,01:18:00,True,False,False,"Make it a point to slow down, park the car, and grab a table at this petite spot for siomay (steamed dumplings stuffed with fish, shrimp, and chicken) or a bowl of bubur ayam (chicken congee). Then, dive into nasi goreng (chicken fried rice mixed with shrimp paste) and a plate of sate kambing (grilled lamb skewers) or soto betawi with tender chunks of beef brisket. Located in the Parisian Avenue complex, folks might miss Warung Indonesian Restaurant whizzing down Buford Highway.",http://warungindonesianhalalrestaurant.com/?utm_source=gmb&utm_medium=referral,"5382 Buford Hwy NE A, Doraville, GA 30340, United States","5382 Buford Hwy NE A, Doraville, GA 30340 restaurant",ChIJtbgmtjgJ9YgR9KCCZ73USjM
64,Sushi Hayakawa,4.0,4.1,1553,00:20:00,01:24:00,True,False,True,"Not only is that your entry fee to the restaurant’s 14-course, two-and-a-half-hour honkaku (authentic) omakase (a Japanese feast in which the diner lets the chef steer); it also gets you front-and-center seats at Atsushi “Art” Hayakawa’s sushi counter. The former will get you premium nigiri (the fish is flown in from Japanese markets) that Hayakawa gently brushes with his housemade soy sauce—and, if you’re lucky, his signature dish of monkfish liver and scallops. Hayakawa is the most delightful character in Atlanta’s food scene, a master of his craft who’s as skilled at handling fish and rice as he is at charming his guests.",https://sushihayakawa.com/,"5979 Buford Hwy NE suite b-1, Atlanta, GA 30340, United States","5979 Buford Highway, Doraville restaurant",ChIJycYmnVyn9YgR2pTSA3Jyivg
65,Rumi’s Kitchen,3.0,4.5,2881,00:20:00,01:22:00,True,False,False,"Staged against a turquoise-tiled open kitchen, the dining room is a glamorous setting for grazing on kashk badenjoon (fried eggplant, cream of whey, crispy onion, mint) and charred lamb kebabs perfumed with citrus and saffron. Additional locations opened in Midtown at Colony Square (1175 Peachtree Street Northeast) and at Avalon in Alpharetta (7105 Avalon Boulevard). A second location, which opened at Avalon in 2017, has done little to ease the crowds.",https://www.rumiskitchen.com/,"6112 Roswell Rd, Atlanta, GA 30328, United States","6112 Roswell Road, Sandy Springs restaurant",ChIJESj_PZcO9YgRmRlw7YBrVHQ
66,La Mei Zi 辣妹子 Doraville,2.0,4.6,563,00:20:00,01:15:00,True,False,False,"Grab a table or a booth along the bank of windows and order the restaurant’s popular three cups chicken and dan dan noodles or slurp a bowl of shrimp, squid, and clam spicy seafood noodle soup. A longtime staple on Buford Highway for Taiwanese and Sichuan dishes, La Mei Zi’s dining room is rarely empty, especially on the weekends. The Singapore noodles at La Mei Zi are always a good choice, as is the lamb and leeks in a cilantro-laden hot bean sauce.",http://www.lameiziatl.com/,"5150 Buford Hwy NE #C-310, Doraville, GA 30340, United States","5150 Buford Hwy NE #C-310, Doraville, GA 30340 restaurant",ChIJsdb1pc4J9YgRuNMhB6rP0KI
67,Mamak,1.0,4.6,983,00:20:00,01:15:00,True,False,False,"This small, sleek, colorful dining room manages to instantly transport you to the streets of Malaysia, where vendors serve near-identical versions of Mamak’s sambal okra, Hainanese chicken, wok-fried flat rice noodles, mustard green fish head soup, and curry laksa. The real-deal cooking—along with the fact that most entrees are priced below $15, and only one of the lunch specials exceeds $8—makes it a place that demands repeat visits. These dishes are but a few of the many reasons Mamak has a rabid following.",http://www.mamak-kitchen.com/,"5150 Buford Hwy NE A-170, Doraville, GA 30340, United States","5150 Buford Highway, Doraville restaurant",ChIJKZ74rM4J9YgRERvodcwUnWc
68,Chicken + Beer,2.0,4.0,490,00:20:00,01:14:00,True,False,False,"Ludacris and his partner, restaurant group Jackmont Hospitality, don’t peddle “airport wings” (the flavorless variety created solely to sustain a captive, security-cleared audience); these whole wings rival those you’ll find at any restaurant in Atlanta, the world’s wing capital. There is no better restaurant co-owned by a rapper and named for a seminal album—especially if, like the intro track from Ludacris’s Chicken-n-Beer, you prefer your comfort food “Southern Fried.” If or when Luda and company decide to expand the franchise beyond Hartsfield-Jackson, and members of the general public have an easier time getting hold of the short-rib mac and cheese, it will be even clearer that this food holds its own against restaurants far beyond Concourse D.",http://chickenandbeer.com/,"Intl Airport, Concourse B, Hartsfield-Jackson Atlanta, N Terminal Pkwy Suite T120, Atlanta, GA 30320, United States","Concourse D, Gate 5, Hartsfield-Jackson restaurant",ChIJgV_R4jL99IgR_Mf3ohM6loE
69,El Rey del Taco,1.0,4.4,4004,00:20:00,01:20:00,True,False,False,"If you’re feeling indecisive about the dozen taco options—from steak to goat, cow’s cheek to tongue, chorizo to al pastor—go for a bunch of $1.60 mini tacos (though we do prefer the full-priced $2.50 ones on a homemade tortilla). There are tons of other worthy things to eat at El Rey, including sizzled meats a la plancha and more than three dozen seafood dishes. El Rey del Taco means “the king of the taco,” and it lives up to its name.",http://elreydeltacoatl.com/,"5288 Buford Hwy, Doraville, GA 30340, United States","5288 Buford Highway, Doraville restaurant",ChIJE1BGlM8J9YgR6ND5Uwb5Y0A
70,Woo Nam Jeong Stone Bowl House,1.5,4.9,22,00:21:00,01:24:00,False,False,False,"Located in Seoul Plaza on Buford Highway, Woo Nam Jeong or Stone Bowl House serves traditional Korean fare created by the restaurant’s longtime chef Young Hui Han, lovingly referred to as “grandma”. Other dishes to try include the haemul pajeon (seafood scallion pancake) and gujeolpan, an elaborate Korean royal court dish consisting of nine types of food served with crepes in an octagonal wooden platter. The dish is served in a searing hot cast iron stone bowl allowing the rice to become nice and crispy before mixing.",http://stonebowlhouse.com/index.html,"5953 Buford Hwy NE Suite 108, Doraville, GA 30340, United States","5953 Buford Hwy NE, Atlanta, GA 30340 restaurant",ChIJbftjQHqn9YgReFEGkJs2ul4
71,LanZhou Ramen 兰州拉面,1.0,4.4,990,00:21:00,01:16:00,False,False,False,"This Buford Highway staple in the Pinetree Shopping Plaza, now with a second location in Kennesaw, offers heaping plates of hand-pulled noodles and noodle soups on its menu. Try the pork or oxtail stir-fried noodles or order the beef or roast duck hand-pulled noodle soup. LanZhou also offers a variety of dumplings on its menu, including soup dumplings and pork buns.",http://lanzhouramenatlanta.com/,"5231 Buford Hwy NE, Doraville, GA 30340, United States","5231 Buford Hwy NE, Doraville, GA 30340 restaurant",ChIJZ8obVM4J9YgR_JlLF3EF1EM
72,Hot Cafe,1.0,4.4,261,00:21:00,01:22:00,False,False,False,"Make sure to order any of the larb (or “lab”) — a meat salad tossed with scallions, cilantro, red onions, and toasted rice — along with the fiery papaya salad paired with sticky rice. For years, this modest restaurant just south of town has been serving up a comforting mix of Laotian, Thai, and Chinese dishes on its menu. Regulars also swear by the wings, pad thai, and tom yum soup.",http://hot-cafe.edan.io/,"5286 Riverdale Rd, Atlanta, GA 30349, United States","5286 Riverdale Rd, Atlanta, GA 30349 restaurant",ChIJZc_Y68z89IgRYiyB3k8plp8
73,The Deer and The Dove,1.5,4.5,199,00:21:00,00:47:00,False,False,False,"Expect skillfully composed dishes of in-season vegetables, beef and pork from nearby cattle and pig farms, and game meat entrees, like crispy rabbit legs fried in fermented buttermilk, duck sausage roulade, and plates of venison. Chef Terry Koval opened his Decatur restaurant in 2019 and its become not only a destination restaurant for Atlantans, but provides Koval ample space to really shine as a chef. The restaurant’s bar offers a handful of classic cocktails, beer, and cider, as well as a selection of mainly French and Italian wines.",http://www.deerdove.com/,"155 Sycamore St, Decatur, GA 30030, United States","155 Sycamore St, Decatur, GA 30030 restaurant",ChIJ0WHHXq8H9YgRdNsk3gsXmxg
74,Community Q BBQ,1.0,4.6,1910,00:21:00,00:45:00,False,False,False,"Opened in 2009 with several partners in a tight little shopping center near Emory, Community Q offers moist and tender pulled pork that isn’t obnoxiously smoky, reliably robust St. Louis ribs, and ridiculously rich and creamy three-cheese mac and cheese. You may want to mix the vinegar-based sauce into the tomato and molasses one—but, as is true of the best barbecue joints, these meats are tasty enough to eschew the sauces entirely. Back then, hoity-toity chefs hadn’t begun to launch the kind of barbecue operations that source their meats extra carefully and support organic farms.",http://communityqbbq.com/,"1361 Clairmont Rd, Decatur, GA 30033, United States","1361 Clairmont Road, North Decatur restaurant",ChIJNTWWOAQH9YgR0VVs0y0HvfU
75,Woo Nam Jeong (Stone Bowl House),1.0,4.9,22,00:21:00,01:24:00,False,False,False,"Sizzling dolsots (blazing hot stone bowls) of Atlanta’s best bibimbap come spicy with kimchi or more subdued with a mix of braised mushrooms seasoned with sweet soy sauce (there’s even an oceanic version with squid or eel). From the moment the owner introduces herself as “Grandma,” you know Woo Nam Jeong is a special place. Grandma makes nearly every item at this Buford Highway homestyle Korean restaurant from scratch.",,"5953 Buford Hwy NE Suite 108, Doraville, GA 30340, United States","5953 Buford Highway, Doraville restaurant",ChIJbftjQHqn9YgReFEGkJs2ul4
76,Tasty China,2.0,3.9,134,00:21:00,01:39:00,False,False,False,"But Tasty China currently is in superb—if not quite Changian—form, churning out stellar dishes including confit-like fish filets in chili oil and velvety, mild chicken with three types of mushrooms. Back then, in 2006, the kitchen was helmed by the talented and elusive Peter Chang, who ignited a love of ma la (hot and numbing spice) that paved the way for Masterpiece and Gu’s. Without Chang, who’s drawn a cult following to restaurants across the South, the original Marietta location faltered at times and flourished at others.",http://tastychina.net/,"585 Franklin Gateway SE Suite 290A, Marietta, GA 30067, United States","585 Franklin Gateway, Marietta restaurant",ChIJC16N-X4R9YgR-cUtQsD3puQ
77,Buena Gente Cuban Bakery,1.0,4.7,314,00:21:00,00:45:00,False,False,False,"They overlook no detail in the construction of the iconic Cuban sandwich: The bolo ham is delicious, the mustard is sharp, the mojo-roasted pork carries an enchanting hint of the citrus it was marinated in, and the melty Swiss cheese and pressed, crunchy bread elevate this creation to near-pizza levels of perfection. Cubanos and other sandwiches (medianoche, pan con bistec) aren’t the only items Buena Gente has aced: The glass dessert case is packed with perfectly rendered pastries from chicken empanadas to guava-filled pastelitos, arroz con leche to tres leches cake. The good people behind this cute-as-a-button operation, Manny Rodriguez and Stacie Antich, first opened their food truck in 2016, making the leap in 2020 to a narrow storefront in a busy Decatur strip mall.",https://www.buenagenteatl.com/,"1365 Clairmont Rd, Decatur, GA 30033, United States","1365 Clairmont Road, Decatur restaurant",ChIJm4dboEME9YgR4la6AXBNL-w
78,Tum Pok Pok,1.0,4.5,3278,00:21:00,01:12:00,False,False,False,"Weerasin’s larb—pork or chicken, seasoned with lime juice and tiny chilis, ginger, peanuts, and scallions, and served with sticky rice and cabbage leaves—offers a world of bracing flavor. Buford Highway has long lacked much of a Thai scene—so when Tum Pok Pok opened up in the same blessed BuHi shopping plaza as Food Terminal and Saigon Tofu, it was a welcome addition to our city’s most international corridor. Weerasin herself is from the south of Thailand and has been rolling out nightly specials that reflect that region, like a crab omelet and kua kling: a perilously hot but tasty dish of ground pork with red curry paste and shaved makrut lime leaves.",https://tumpokpok.com/,"5000 Buford Hwy NE, Chamblee, GA 30341, United States","5000 Buford Highway, Chamblee restaurant",ChIJ3Z_V18oJ9YgRbo2xqmkKIAw
79, Taquería La Oaxaqueña,1.0,4.2,2312,00:21:00,01:36:00,False,False,False,"Oaxaca is considered one of the culinary capitals of Mexico, and the Oaxacan specialty that eaters have raved about for years at this Jonesboro gem is the tlayuda: a large, grilled tortilla covered pizzalike with refritos, string cheese, avocado, lettuce, and your choice of meat (pork sluiced in chili is tops). You’ll also discover some of the finest tacos in town here; handmade corn tortillas are folded around delicacies such as stewed beef cheeks, tripe, and pork al pastor. Huaraches, the sandal-shaped boats of masa dough, are loaded with rich meat.",,"605 Mt Zion Rd, Jonesboro, GA 30236, United States","605 Mount Zion Road, Jonesboro restaurant",ChIJgevI6PP79IgRcTdn26qO1qg
80,Yet Tuh,1.0,4.4,378,00:21:00,01:25:00,False,False,False,"You now can more easily choose from “dishes,” “combo,” “side dishes,” “hot pot,” “noodles,” and “pancake”—and you can’t choose wrong. This humble hideaway just off Buford Highway offers homestyle Korean food at its most comforting: kimchi pancakes, steamed chicken and rice, and bubbling kimchi stew with pork. And for non-Korean speakers, the menu became easier to navigate last year when it was overhauled with both photos and categories translated to English.",,"3042 Oakcliff Rd, Doraville, GA 30340, United States","3042 Oakcliff Road, Doraville restaurant",ChIJlSwgNVyn9YgRp_z1unzLNl0
81,Food Terminal,1.0,4.5,3278,00:21:00,01:12:00,False,False,False,"There’s not a more craveable noodle dish in Atlanta than the Thai Chili Pan Mee, a bowl of silky flat noodles topped with dried anchovies, ground chicken, shiitakes, spinach, and a fried egg. Additional locations have opened on the Westside (1000 Marietta Street Northwest), in Sandy Springs (6440 Aria Boulevard), and in Alpharetta (6360 North Point Parkway). And the well-oiled kitchen cranks out clever takes on Malaysian food, a mix of Chinese, Indian, Singaporean, and Thai flavors.",https://www.foodterminal.com/,"5000 Buford Hwy NE, Chamblee, GA 30341, United States","5000 Buford Highway, Chamblee restaurant",ChIJ3Z_V18oJ9YgRbo2xqmkKIAw
82,Chai Pani,1.0,4.5,2144,00:21:00,00:46:00,False,False,False,"Gone are the beloved okra fries—but in their place are fantastically flavored dishes like tomato cheese uttapam (a fermented rice and lentil pancake, served with two kinds of chutney), Indo-Chinese–style chili chicken, and a Bengali-style fried catfish filet. Meherwan Irani’s Decatur destination—part of a mini empire stretching between Atlanta and Asheville—has pivoted several times in recent years, switching to takeout-only during the pandemic and then reopening, in summer 2021, with a refreshed menu that emphasizes Indian home-cooking favorites and regional specialties. The colorful dining room remains a cheerful hang, and the cocktails are still tops.",https://www.chaipanidecatur.com/,"406 W Ponce de Leon Ave, Decatur, GA 30030, United States","406 West Ponce de Leon Avenue, Decatur restaurant",ChIJc_8ytCIH9YgRQ10A6FxObLc
83,Snackboxe Bistro,1.0,4.2,613,00:21:00,01:16:00,False,False,True,"Inspired by the bright flavors they encountered on a trip to their native Laos, husband and wife Vanh Sengaphone and Thip Athakhanh craft street food–inspired dishes vibrant with heat and acid, including a peerless laap (a spicy and tart meat salad more commonly known by its Thai name, larb) and a sinus-clearing bowl of khao poon (its curry broth, rich with coconut milk, clings to long rice noodles). But with the early 2018 opening of insta-hit Snackboxe in Doraville, there’s now an excellent representation of the underappreciated cuisine right in our backyard. Laotian food has long been overshadowed in Atlanta by the cuisine of neighboring Thailand.",https://www.snackboxebistro.com/,"6035 Peachtree Rd #A-105, Doraville, GA 30360, United States","6035 Peachtree Road, Doraville restaurant",ChIJAUkQkcEJ9YgRqyllAaR3ml8
84,LanZhou Ramen,1.0,4.4,990,00:21:00,01:16:00,False,False,False,"The resulting noodles—or, if you prefer, the thicker, knife-cut ones—show up in bowls of fragrant beef broth brimming with wilted greens and tender meat, or stir-fried with your choice of three spice options: regular, spicy, or laced with cumin seeds. The city of Lanzhou is the noodle capital of China, and Buford Highway strip-mall joint LanZhou Ramen is the noodle capital of metro Atlanta. You can (and should) observe their creation by gazing into LanZhou’s kitchen through a picture window that dramatically frames the hypnotic act of rolling, stretching, and spinning the cascading tendrils of springy dough.",https://lanzhouramenatlanta.com/,"5231 Buford Hwy NE, Doraville, GA 30340, United States","5231 Buford Highway, Doraville restaurant",ChIJZ8obVM4J9YgR_JlLF3EF1EM
85,The White Bull,2.0,4.5,493,00:22:00,00:48:00,False,False,False,"Though you might encounter a few recurring characters—housemade sfincione bread, the super-botanical A Pisco My Heart concoction—most of what’s available has changed from the day before, with recipes that could be rooted in Germany, France, Italy, Japan, or here in the homeland. Nevertheless, what you eat is likely sourced from a local or regional farm, which gives Pascarella the opportunity to draft new and imaginative culinary tales—or should we say A Moveable Feast? It takes balls—and a stiff drink—to attempt to tell stories with food the way Hemingway did with a typewriter.",https://whitebullatl.com/,"123 E Court Square, Decatur, GA 30030, United States","123 East Court Square, Decatur restaurant",ChIJPZ3Ccj4H9YgRhEhOs_bEIck
86,No. 246,2.0,4.6,780,00:22:00,00:48:00,False,False,False,"In 2021 the restaurant underwent a slight revisioning—from modern Cali-Italian to old-school red-sauce joint—but executive chef Drew Belline is still here, as are some old favorites: the textbook cacio e pepe, the gut-warming Bolognese. They share a comforting menu with a handful of pizzas (margherita, clam pie) and secondi including chicken scallopini, shrimp scampi, and flounder piccata. In its first 10 years, this Ford Fry Italian spot has been an incubator for talent:",http://www.no246.com/,"129 E Ponce de Leon Ave, Decatur, GA 30030, United States","129 East Ponce de Leon Avenue, Decatur restaurant",ChIJTey2Fj4H9YgRH5LEatMQhxU
87,Nur Kitchen,2.0,4.7,197,00:22:00,01:27:00,False,False,True,"He’s a magician with classics like hummus and baba ghanoush, and his eclectic background—Lavi was born in Israel, of Turkish and Libyan descent—informs the wide Eastern Mediterranean scope of this restaurant, whose pantry of inspirations stretches “from Turkey to Jaffa Port.” Driving out on Buford Highway toward Norcross, you’ll hear the siren songs of about a thousand incredible restaurants before you even make it to Nur Kitchen’s parking lot—but if it’s some of the metro’s best mezze you’re after, it’s best to put your hands over your ears, keep your eyes on the road, and arrive here hungry. A spectacular talent whose range continues to reveal itself, Lavi gained fans through his catering business Let’s Eat and in the kitchen of the delicious but short-lived downtown restaurant Rozina Bakehouse.",https://www.nurkitchenusa.com/,"7130 Buford Hwy NE Suite C-100, Atlanta, GA 30340, United States","7130 Buford Highway, Buford Highway restaurant",ChIJD7LWYq-n9YgRKu205Xj2qC0
88,Kimball House,3.0,4.7,1031,00:22:00,00:46:00,False,False,True,"The vegetable sides—such as a $10 stir fry of mushroom, turnip, broccoli, radish, and greens, glammed up with ají amarillo butter—get as much respect from the kitchen as the $110 steak dinner. Yes, the oyster program is the best around, down to co-owner and bivalve evangelist Bryan Rackley’s impressively specific tasting notes (“green beans & cantaloupe . . . From grouper collar to bar steak, lemon-pepper chicken skins to caviar and Carolina Gold rice middlins, there’s nothing Kimball House can’t do.",http://www.kimball-house.com/,"303 E Howard Ave, Decatur, GA 30030, United States","303 East Howard Avenue, Decatur restaurant",ChIJHatDOT8H9YgRE9zxI4xpacI
89,Dil Bahar Cafe,1.5,4.7,97,00:22:00,00:02:00,False,True,False,"Opened in 2021, Pakistani bakery cafe Dil Bahar Cafe is already a go-to in Norcross for its variety of Karachi-style chaat, Masala fries, panipuri, and samosas as well as for desserts like shahi tukray (bread pudding) or glasses of refreshingly cold falooda. Try the chicken roll, the bun kabab, or the savory, deep-fried kachori served with sabzi (mixed vegetables). Pair snacks with a hot cup of chai or a mango lassi.",https://www.zafrankitchen.com/dil-bahar-caf,"5775 Jimmy Carter Blvd Suite 220, Norcross, GA 30071, United States","5775 Jimmy Carter Blvd Suite 220, Norcross, GA 30071 restaurant",ChIJgWkaVCyn9YgROyKi-jGaGLc
90,Nam Phuong,1.0,3.8,694,00:23:00,00:02:00,False,True,False,"The number of menu options can be overwhelming, but you can’t go wrong with bone-in, steamed chicken over a crisp pile of shredded vegetables, eggless crepes bursting with fragrant shrimp and pork, and cubes of marinated, flash-seared beef tenderloin with fried rice and watercress. Both locations of Nam Phuong are worthwhile starting points to explore the joys of Vietnamese cuisine beyond pho and banh mi, though the Jimmy Carter Boulevard outpost has a bit of an edge on the Buford Highway one.",,"5495 Jimmy Carter Blvd, Norcross, GA 30093, United States","5495 Jimmy Carter Boulevard, Norcross restaurant",ChIJB001D7-m9YgRnfX4bqPoFGE
91,Chef Winnie’s Kitchen,1.0,4.6,59,00:24:00,01:14:00,False,False,False,"When it comes to the tried and true, her renditions are exquisite: Emory’s combo kitfo (ground beef seasoned with the brightly colored chili blend mitmita and sauteed in purified butter) and fitfit (torn injera soaked in spicy sauce) is one of the best dishes we ate all year, and her many vegan or vegetarian entrees easily compete in the big leagues. And that’s just the half of it: Chef Winnie is equally adept with curries, fish tacos, Philly cheesesteaks, and bespoke creations like an Ethiopian-spiced quesadilla stuffed with chicken and veggies. Humble even by Clarkston standards, this minuscule spot from Woinshet Legesse Emory—aka Chef Winnie—is an international wonder with an Ethiopian heart.",https://www.chefwinnieskitchen.com/,"4214 E Ponce de Leon Ave, Clarkston, GA 30021, United States","4238 East Ponce de Leon Avenue, Clarkston restaurant",ChIJJReXSWyp9YgRzJ6yH8mqi4A
92,Kathmandu Kitchen & Grill,1.0,4.2,497,00:25:00,01:15:00,False,False,False,"Order dishes like goat curry, tandoori chicken, pakoras, Tibetan thenthuk soup, sekuwa (Nepali meat skewers), and wai wai sadheko (spicy Nepali noodles similar to chaat). Located in the Clarkston Village shopping complex, Kathmandu Kitchen and Grill is a no frills, friendly spot serving Nepalese and Indian dishes, including an all-you-can-eat buffet during lunch. Bring friends, because a meal at Kathmandu Kitchen is meant for sharing.",http://ktmkitchen.com/,"Clarkston Village Shopping Center, 926 Montreal Rd E, Clarkston, GA 30021, United States","Clarkston Village Shopping Center, 926 Montreal Rd E, Clarkston, GA 30021 restaurant",ChIJ3QrxNUSo9YgRs-IgP5PZbX4
93,Spring,3.0,4.7,377,00:26:00,01:45:00,False,False,True,"You’ll also find our favorite fish dish in town: pan-roasted halibut with squash, wax beans, asparagus, and beurre blanc. It was situated practically on top of the railroad tracks in a remote corner of Marietta Square, a destination not exactly known for culinary risk-taking. Pappardelle with green garlic cream, morels, fava beans, and Parmesan is a joyous celebration of the restaurant’s namesake.",https://www.springmarietta.com/,"36 Mill St, Marietta, GA 30060, United States","36 Mill Street, Marietta restaurant",ChIJF4nE3yQU9YgRQYpaRDibsts
94,Rising Son,1.0,4.6,977,00:26:00,00:54:00,False,False,False,"They came to the adorable Avondale Estates storefront for fried trout with cheese grits and for vegetables—collards, kale, sweet potatoes—that Hudson grows himself. When Hudson Rouse, formerly of Home Grown, and his wife, Kathryn Fitzgerald Rouse, opened this creative meat-and-three for breakfast and lunch in 2016, the crowds flocked. As the woman sitting next to us on a recent visit told her server: “I’m upset—I’ve lived here for 18 months and only just discovered this place!”",https://www.risingsonavondale.com/,"124 N Avondale Rd, Avondale Estates, GA 30002, United States","124 North Avondale Road, Avondale Estates restaurant",ChIJLzBvyd-p9YgRkqEYTKvAj0o
95,Arepa Mia,1.0,4.6,1217,00:27:00,00:55:00,False,False,False,"Even more rewarding is a visit to her cheerful, stand-alone spot in Avondale Estates, where she also serves specialties such as pabellón (shredded grassfed beef with black beans, fried plantains, and queso de año) and avocado and heart-of-palm salad dressed with sweet corn juice. Growing up, Lis Hernandez spent countless days with her mother in the kitchen making arepas—stuffed cornmeal patties, crunchy from a hot grill—that they sold on the streets in their native Venezuela. Hernandez’s arepas first appeared in Atlanta at the Sweet Auburn Curb Market in 2012, and she still sells them there.",http://www.arepamiaatlanta.com/,"10 N Clarendon Ave suite a, Avondale Estates, GA 30002, United States","10 North Clarendon Avenue, Avondale Estates restaurant",ChIJ8SKLNT8H9YgRTjy4MHzRO1I
96,9292 Korean Barbecue,2.0,4.4,2069,00:28:00,00:02:00,False,True,False,"At 9292—the flagship of a growing mini-empire, including the almost-as-good D92 in Decatur—each part is a cut above: a rainbow of daily changing side dishes (banchan) like pickled radishes and soy-glazed peanuts; glistening slices of marbled brisket, pork belly, and ribeye; charcoal grills (which we prefer to their electric counterparts); and a sleek, industrial space. (As for the name: Say “92-92” in Korean, and it sounds like the word for “grill.”) It’s a marvel to watch the servers navigate the labyrinth of semiprivate dining cubicles.",https://www.facebook.com/9292KBBQ/,"3360 Satellite Blvd #8, Duluth, GA 30096, United States","3360 Satellite Boulevard, Duluth restaurant",ChIJ26Zqrh6j9YgRW7JQ6tQeuZY
97,Seed Kitchen & Bar,3.0,4.6,691,00:29:00,00:02:00,False,True,False,"Back in 2011, Doug Turbush opened a trailblazing restaurant the likes of which East Cobb hadn’t seen—one with a bright-white, modern, Scandinavian aesthetic, a sophisticated cocktail program, and an idiosyncratic menu. Chicken schnitzel is served with miso mustard, pork-belly sliders arrive on Chinese steam buns, and braised local greens are spiked with soy sauce and chilis. Turbush’s food is mainly modern American but with Southern and global influences.",http://www.eatatseed.com/,"1311 Johnson Ferry Rd #504, Marietta, GA 30068, United States","1311 Johnson Ferry Road, Marietta, East Cobb restaurant",ChIJ_U49CZ0N9YgR9klj7YaPEKo
98,Osteria Mattone,2.0,4.5,686,00:30:00,00:02:00,False,True,False,"Dividing the casual barroom from the white-tablecloth side is a partially enclosed tasting room, which showcases an award-winning, mostly Italian wine cellar—though our favorite spot is the covered front patio, where you can soak up Canton Street’s convivial energy. Pasta options (including gluten-free ones) range from plump agnolotti di oxo (braised short rib—stuffed ravioli) to hearty tagliolini Bolognese. Co-owners and siblings Ryan and Daniel Pernice are ever-attentive and easy to spot—think the Property Brothers with beards.",http://www.osteriamattone.com/,"1095 Canton St, Roswell, GA 30075, United States","1095 Canton Street, Roswell restaurant",ChIJ5VbDwFNz9YgRtW1rqFc7ksY
99,Sun City Caribbean & American Restaurant ,1.0,4.1,511,00:30:00,01:44:00,False,False,False,"Come for the weekly soup specials like a thick red pea soup or the fish soup — referred to in Jamaica as “fish tea”. Sun City in Stone Mountain serves beef, chicken, and coco patties, a selection of classic Jamaican dishes, and a few specialties, including barbecued jerk ribs, on its menu. Breakfast often features jerk chicken and waffles, oat or cornmeal porridge, and saltfish paired with ackee or callaloo.",https://www.facebook.com/suncitycaribbeanamericanrestaurant/,"6201 Memorial Dr, Stone Mountain, GA 30083, United States","6201 Memorial Dr, Stone Mountain, GA 30083 restaurant",ChIJ-1cxRc2o9YgRXj7m83gAjA4
100,La Mixteca Tamale House,1.0,4.4,574,00:31:00,00:03:00,False,True,True,"The restaurant’s specialties include all kinds of tamales (perfected by the owner’s mother), some sweet ones and others filled with various meats and moles; ravishingly crisp, giant, blue-corn tlayudas (Mexican pizzas) showered with fresh toppings and housemade sauces; and beautifully deconstructed tamale bowls. The mere sight of the steam table of tamales—with flavors ranging from cactus with cheese to Philly cheesesteak—will set your stomach growling. This fast-casual, family-run, Oaxacan joint brings serious foodie cred to its far-flung suburban location.",https://www.facebook.com/lamixtecatamalehouse/,"1185 Old Peachtree Rd NW, Suwanee, GA 30024, United States","1185 Old Peachtree Road, Suwanee, Suwanee restaurant",ChIJWznzYC699YgRHeuXJy4nTiI
101,Masterpiece,2.0,4.6,265,00:32:00,00:02:00,False,True,False,"The first bite: Masterpiece’s dry-fried eggplant (Eggplant with Chilli Powder and Pepper Ash Powder), which sits at the pinnacle of every iteration we’ve encountered of the beloved Sichuan dish. The second bite: Masterpiece’s Dong Po Pork, a braised brick of pork belly lacquered in a mahogany-hued glaze that tastes as if it were a syrup extracted from a mythical tree. The exterior is crackly-crisp and salty, the interior creamy and sweet, the level of ma la (numbing spice) precisely calibrated with a liberal but not obnoxious dose of fragrant, crunchy Sichuan peppercorns.",http://www.masterpiece-chinese.com/,"3940 Buford Hwy NE A103, Duluth, GA 30096, United States","3940 Buford Highway, Duluth restaurant",ChIJZQYNdEmi9YgRtaRgO6e7v54
102,O4W Pizza,2.0,4.3,1446,00:37:00,00:02:00,False,True,False,"But the biggest draw remains the game-changing pizzas: classic round pies, thick-crust Sicilians, thick-yet-airy Detroit-style, and, of course, grandma. In 2015, the city fell hard for New Jersey native Anthony Spina’s O4W Pizza—and his square, pan-cooked grandma pie in particular. Spina relaunched a month later in Duluth, with an expanded menu that includes a chicken parm hero on housemade bread and handmade cavatelli.",http://www.o4wpizza.com/,"3117 Main St, Duluth, GA 30096, United States","3117 Main Street, Duluth restaurant",ChIJneucBAgE9YgRbfrrUpsATlM
